"SourcePath","Status","TestCaseId","PlanId","SuiteId","Error"
"C:\repos\pf-evatec\peer-factory-evatec-2026-q2\docs\qa-documents\pf-evatec-phase-2\08-releases\r10\r10.2\change-requests\cr-286067-tracking-of-magnet-systems\requirements\requirement-174279\001-new-target-type-from-erp-happy-path.md","Updated","293097","291616","291678",
"C:\repos\pf-evatec\peer-factory-evatec-2026-q2\docs\qa-documents\pf-evatec-phase-2\08-releases\r10\r10.2\change-requests\cr-286067-tracking-of-magnet-systems\requirements\requirement-174279\002-new-target-type-from-erp-duplicate-validation.md","Updated","293868","291616","291678",
"C:\repos\pf-evatec\peer-factory-evatec-2026-q2\docs\qa-documents\pf-evatec-phase-2\08-releases\r10\r10.2\change-requests\cr-286067-tracking-of-magnet-systems\requirements\requirement-174279\003-new-target-type-article-already-used-negative.md","Updated","293869","291616","291678",
"C:\repos\pf-evatec\peer-factory-evatec-2026-q2\docs\qa-documents\pf-evatec-phase-2\08-releases\r10\r10.2\change-requests\cr-286067-tracking-of-magnet-systems\requirements\requirement-174279\004-new-target-type-dialog-name-generation-validation.md","Updated","293870","291616","291678",
"C:\repos\pf-evatec\peer-factory-evatec-2026-q2\docs\qa-documents\pf-evatec-phase-2\08-releases\r10\r10.2\change-requests\cr-286067-tracking-of-magnet-systems\requirements\requirement-205378\001-learned-associations-happy-path.md","Updated","293871","291616","291678",
"C:\repos\pf-evatec\peer-factory-evatec-2026-q2\docs\qa-documents\pf-evatec-phase-2\08-releases\r10\r10.2\change-requests\cr-286067-tracking-of-magnet-systems\requirements\requirement-205378\002-learned-associations-no-associations-unhappy-path.md","Updated","293872","291616","291678",
"C:\repos\pf-evatec\peer-factory-evatec-2026-q2\docs\qa-documents\pf-evatec-phase-2\08-releases\r10\r10.2\change-requests\cr-286067-tracking-of-magnet-systems\requirements\requirement-205378\003-learned-associations-multiple-magnet-system-types.md","Updated","293873","291616","291678",
"C:\repos\pf-evatec\peer-factory-evatec-2026-q2\docs\qa-documents\pf-evatec-phase-2\08-releases\r10\r10.2\change-requests\cr-286067-tracking-of-magnet-systems\requirements\requirement-205378\004-learned-associations-unsaved-role-changes-and-url-preservation.md","Updated","293874","291616","291678",
"C:\repos\pf-evatec\peer-factory-evatec-2026-q2\docs\qa-documents\pf-evatec-phase-2\08-releases\r10\r10.2\change-requests\cr-286067-tracking-of-magnet-systems\requirements\requirement-205379\001-add-associations-happy-path.md","Updated","293875","291616","291678",
"C:\repos\pf-evatec\peer-factory-evatec-2026-q2\docs\qa-documents\pf-evatec-phase-2\08-releases\r10\r10.2\change-requests\cr-286067-tracking-of-magnet-systems\requirements\requirement-205379\002-add-associations-prototype-type-excluded-unhappy-path.md","Updated","293876","291616","291678",
"C:\repos\pf-evatec\peer-factory-evatec-2026-q2\docs\qa-documents\pf-evatec-phase-2\08-releases\r10\r10.2\change-requests\cr-286067-tracking-of-magnet-systems\requirements\requirement-205379\003-add-associations-initial-population-keyword-search-multi-select.md","Failed",,,,"Markdown file not found: C:\repos\pf-evatec\peer-factory-evatec-2026-q2\docs\qa-documents\pf-evatec-phase-2\08-releases\r10\r10.2\change-requests\cr-286067-tracking-of-magnet-systems\requirements\requirement-205379\003-add-associations-initial-population-keyword-search-multi-select.md"
"C:\repos\pf-evatec\peer-factory-evatec-2026-q2\docs\qa-documents\pf-evatec-phase-2\08-releases\r10\r10.2\change-requests\cr-286067-tracking-of-magnet-systems\requirements\requirement-205380\001-remove-association-happy-path.md","Updated","293104","291616","291678",
"C:\repos\pf-evatec\peer-factory-evatec-2026-q2\docs\qa-documents\pf-evatec-phase-2\08-releases\r10\r10.2\change-requests\cr-286067-tracking-of-magnet-systems\requirements\requirement-205380\002-remove-association-magnet-system-types.md","Updated","293877","291616","291678",
"C:\repos\pf-evatec\peer-factory-evatec-2026-q2\docs\qa-documents\pf-evatec-phase-2\08-releases\r10\r10.2\change-requests\cr-286067-tracking-of-magnet-systems\requirements\requirement-205380\003-remove-last-magnet-system-association.md","Updated","293878","291616","291678",
"C:\repos\pf-evatec\peer-factory-evatec-2026-q2\docs\qa-documents\pf-evatec-phase-2\08-releases\r10\r10.2\change-requests\cr-286067-tracking-of-magnet-systems\requirements\requirement-217766\001-export-hardware-configuration-happy-path.md","Updated","293879","291616","291678",
"C:\repos\pf-evatec\peer-factory-evatec-2026-q2\docs\qa-documents\pf-evatec-phase-2\08-releases\r10\r10.2\change-requests\cr-286067-tracking-of-magnet-systems\requirements\requirement-217766\002-export-hardware-configuration-content-validation.md","Updated","293880","291616","291678",
"C:\repos\pf-evatec\peer-factory-evatec-2026-q2\docs\qa-documents\pf-evatec-phase-2\08-releases\r10\r10.2\change-requests\cr-286067-tracking-of-magnet-systems\requirements\requirement-217766\003-export-hardware-configuration-permission-denied-negative.md","Updated","293446","291616","291678",
"C:\repos\pf-evatec\peer-factory-evatec-2026-q2\docs\qa-documents\pf-evatec-phase-2\08-releases\r10\r10.2\change-requests\cr-286067-tracking-of-magnet-systems\requirements\requirement-226384\001-hardware-configuration-for-real-module-happy-path.md","Updated","293881","291616","291678",
"C:\repos\pf-evatec\peer-factory-evatec-2026-q2\docs\qa-documents\pf-evatec-phase-2\08-releases\r10\r10.2\change-requests\cr-286067-tracking-of-magnet-systems\requirements\requirement-226384\002-change-magnet-system-active-module-happy-path.md","Updated","293882","291616","291678",
"C:\repos\pf-evatec\peer-factory-evatec-2026-q2\docs\qa-documents\pf-evatec-phase-2\08-releases\r10\r10.2\change-requests\cr-286067-tracking-of-magnet-systems\requirements\requirement-226384\003-change-magnet-system-retired-module-negative.md","Updated","293883","291616","291678",
"C:\repos\pf-evatec\peer-factory-evatec-2026-q2\docs\qa-documents\pf-evatec-phase-2\08-releases\r10\r10.2\change-requests\cr-286067-tracking-of-magnet-systems\requirements\requirement-226385\001-copy-module-hardware-configuration-happy-path.md","Updated","293110","291616","291678",
"C:\repos\pf-evatec\peer-factory-evatec-2026-q2\docs\qa-documents\pf-evatec-phase-2\08-releases\r10\r10.2\change-requests\cr-286067-tracking-of-magnet-systems\requirements\requirement-226385\002-copy-module-incompatible-target-negative.md","Updated","293884","291616","291678",
"C:\repos\pf-evatec\peer-factory-evatec-2026-q2\docs\qa-documents\pf-evatec-phase-2\08-releases\r10\r10.2\change-requests\cr-286067-tracking-of-magnet-systems\requirements\requirement-226385\003-copy-module-real-to-abstract-conversion.md","Updated","293885","291616","291678",
"C:\repos\pf-evatec\peer-factory-evatec-2026-q2\docs\qa-documents\pf-evatec-phase-2\08-releases\r10\r10.2\change-requests\cr-286067-tracking-of-magnet-systems\requirements\requirement-226385\004-copy-module-abstract-to-real-validations-and-security.md","Failed",,,,"The remote server returned an error: (400) Bad Request."
"C:\repos\pf-evatec\peer-factory-evatec-2026-q2\docs\qa-documents\pf-evatec-phase-2\08-releases\r10\r10.2\change-requests\cr-286067-tracking-of-magnet-systems\requirements\requirement-264374\001-import-hardware-components-valid-file-happy-path.md","Updated","293460","291616","291678",
"C:\repos\pf-evatec\peer-factory-evatec-2026-q2\docs\qa-documents\pf-evatec-phase-2\08-releases\r10\r10.2\change-requests\cr-286067-tracking-of-magnet-systems\requirements\requirement-264374\002-import-hardware-components-invalid-file-negative.md","Updated","293886","291616","291678",
"C:\repos\pf-evatec\peer-factory-evatec-2026-q2\docs\qa-documents\pf-evatec-phase-2\08-releases\r10\r10.2\change-requests\cr-286067-tracking-of-magnet-systems\requirements\requirement-264374\003-import-hardware-components-updates-linked-magnet-type-metadata.md","Updated","293887","291616","291678",
"C:\repos\pf-evatec\peer-factory-evatec-2026-q2\docs\qa-documents\pf-evatec-phase-2\08-releases\r10\r10.2\change-requests\cr-286067-tracking-of-magnet-systems\requirements\requirement-290756\001-magnet-system-types-list-happy-path.md","Updated","293115","291616","291678",
"C:\repos\pf-evatec\peer-factory-evatec-2026-q2\docs\qa-documents\pf-evatec-phase-2\08-releases\r10\r10.2\change-requests\cr-286067-tracking-of-magnet-systems\requirements\requirement-290756\002-magnet-system-types-list-permission-denied-negative.md","Updated","293888","291616","291678",
"C:\repos\pf-evatec\peer-factory-evatec-2026-q2\docs\qa-documents\pf-evatec-phase-2\08-releases\r10\r10.2\change-requests\cr-286067-tracking-of-magnet-systems\requirements\requirement-290756\003-create-magnet-system-type-happy-path.md","Updated","293889","291616","291678",
"C:\repos\pf-evatec\peer-factory-evatec-2026-q2\docs\qa-documents\pf-evatec-phase-2\08-releases\r10\r10.2\change-requests\cr-286067-tracking-of-magnet-systems\requirements\requirement-290756\003-list-not-accessible-without-view-permission.md","Failed",,,,"Test case 'R10.2 Update for CR 286067 - Magnet System Types: Verify the Magnet System Types list is not accessible without view permission (Security)' has publish blockers:
[BLOCKER] Requirement traceability section is missing or empty."
"C:\repos\pf-evatec\peer-factory-evatec-2026-q2\docs\qa-documents\pf-evatec-phase-2\08-releases\r10\r10.2\change-requests\cr-286067-tracking-of-magnet-systems\requirements\requirement-290756\004-create-new-magnet-system-type-from-list.md","Failed",,,,"Test case 'R10.2 Update for CR 286067 - Magnet System Types: Verify tester can create a new Magnet System Type from the list page (Happy Path)' has publish blockers:
[BLOCKER] Requirement traceability section is missing or empty."
"C:\repos\pf-evatec\peer-factory-evatec-2026-q2\docs\qa-documents\pf-evatec-phase-2\08-releases\r10\r10.2\change-requests\cr-286067-tracking-of-magnet-systems\requirements\requirement-290756\004-edit-magnet-system-type-happy-path.md","Updated","293468","291616","291678",
"C:\repos\pf-evatec\peer-factory-evatec-2026-q2\docs\qa-documents\pf-evatec-phase-2\08-releases\r10\r10.2\change-requests\cr-286067-tracking-of-magnet-systems\requirements\requirement-290756\005-define-prototype-as-standard-happy-path.md","Updated","293890","291616","291678",
"C:\repos\pf-evatec\peer-factory-evatec-2026-q2\docs\qa-documents\pf-evatec-phase-2\08-releases\r10\r10.2\change-requests\cr-286067-tracking-of-magnet-systems\requirements\requirement-290756\005-edit-magnet-system-type-from-list.md","Failed",,,,"Test case 'R10.2 Update for CR 286067 - Magnet System Types: Verify tester can navigate to edit a Magnet System Type from the list page (Happy Path)' has publish blockers:
[BLOCKER] Requirement traceability section is missing or empty."
"C:\repos\pf-evatec\peer-factory-evatec-2026-q2\docs\qa-documents\pf-evatec-phase-2\08-releases\r10\r10.2\change-requests\cr-286067-tracking-of-magnet-systems\requirements\requirement-290756\006-promote-prototype-to-standard-from-list.md","Failed",,,,"Test case 'R10.2 Update for CR 286067 - Magnet System Types: Verify tester can promote a Prototype Magnet System Type to Standard from the list page (Happy Path)' has publish blockers:
[BLOCKER] Requirement traceability section is missing or empty."
"C:\repos\pf-evatec\peer-factory-evatec-2026-q2\docs\qa-documents\pf-evatec-phase-2\08-releases\r10\r10.2\change-requests\cr-286067-tracking-of-magnet-systems\requirements\requirement-290757\001-new-magnet-system-type-happy-path.md","Updated","293470","291616","291678",
"C:\repos\pf-evatec\peer-factory-evatec-2026-q2\docs\qa-documents\pf-evatec-phase-2\08-releases\r10\r10.2\change-requests\cr-286067-tracking-of-magnet-systems\requirements\requirement-290757\002-new-magnet-system-type-negative.md","Updated","293471","291616","291678",
"C:\repos\pf-evatec\peer-factory-evatec-2026-q2\docs\qa-documents\pf-evatec-phase-2\08-releases\r10\r10.2\change-requests\cr-286067-tracking-of-magnet-systems\requirements\requirement-290757\003-new-magnet-system-type-applications-field-multi-value.md","Updated","293472","291616","291678",
"C:\repos\pf-evatec\peer-factory-evatec-2026-q2\docs\qa-documents\pf-evatec-phase-2\08-releases\r10\r10.2\change-requests\cr-286067-tracking-of-magnet-systems\requirements\requirement-290757\004-applications-field-multiple-selections.md","Failed",,,,"Test case 'R10.2 Update for CR 286067 - New Magnet System Type: Verify the Applications field supports multiple selections including predefined and custom values (Validation)' has publish blockers:
[BLOCKER] Requirement traceability section is missing or empty."
"C:\repos\pf-evatec\peer-factory-evatec-2026-q2\docs\qa-documents\pf-evatec-phase-2\08-releases\r10\r10.2\change-requests\cr-286067-tracking-of-magnet-systems\requirements\requirement-290757\004-new-magnet-system-type-article-used-as-target-type-negative.md","Updated","293473","291616","291678",
"C:\repos\pf-evatec\peer-factory-evatec-2026-q2\docs\qa-documents\pf-evatec-phase-2\08-releases\r10\r10.2\change-requests\cr-286067-tracking-of-magnet-systems\requirements\requirement-290757\005-erp-article-used-as-target-type-excluded.md","Failed",,,,"Test case 'R10.2 Update for CR 286067 - New Magnet System Type: Verify an ERP article already used as a Target Type is excluded from Magnet System Type creation (Unhappy Path)' has publish blockers:
[BLOCKER] Requirement traceability section is missing or empty."
"C:\repos\pf-evatec\peer-factory-evatec-2026-q2\docs\qa-documents\pf-evatec-phase-2\08-releases\r10\r10.2\change-requests\cr-286067-tracking-of-magnet-systems\requirements\requirement-290757\005-new-magnet-system-type-existing-magnet-system-type-negative.md","Updated","293474","291616","291678",
"C:\repos\pf-evatec\peer-factory-evatec-2026-q2\docs\qa-documents\pf-evatec-phase-2\08-releases\r10\r10.2\change-requests\cr-286067-tracking-of-magnet-systems\requirements\requirement-290757\006-erp-article-used-as-magnet-system-type-excluded.md","Failed",,,,"Test case 'R10.2 Update for CR 286067 - New Magnet System Type: Verify an ERP article already used as a Magnet System Type cannot be used to create a duplicate type (Unhappy Path)' has publish blockers:
[BLOCKER] Requirement traceability section is missing or empty."
"C:\repos\pf-evatec\peer-factory-evatec-2026-q2\docs\qa-documents\pf-evatec-phase-2\08-releases\r10\r10.2\change-requests\cr-286067-tracking-of-magnet-systems\requirements\requirement-290758\001-view-and-upload-documents-for-new-magnet-system-type-happy-path.md","Failed",,,,"Markdown file not found: C:\repos\pf-evatec\peer-factory-evatec-2026-q2\docs\qa-documents\pf-evatec-phase-2\08-releases\r10\r10.2\change-requests\cr-286067-tracking-of-magnet-systems\requirements\requirement-290758\001-view-and-upload-documents-for-new-magnet-system-type-happy-path.md"
"C:\repos\pf-evatec\peer-factory-evatec-2026-q2\docs\qa-documents\pf-evatec-phase-2\08-releases\r10\r10.2\change-requests\cr-286067-tracking-of-magnet-systems\requirements\requirement-290758\002-upload-multiple-documents-happy-path.md","Failed",,,,"No '| Step | Action | Expected Result |' table found in: C:\repos\pf-evatec\peer-factory-evatec-2026-q2\docs\qa-documents\pf-evatec-phase-2\08-releases\r10\r10.2\change-requests\cr-286067-tracking-of-magnet-systems\requirements\requirement-290758\002-upload-multiple-documents-happy-path.md"
"C:\repos\pf-evatec\peer-factory-evatec-2026-q2\docs\qa-documents\pf-evatec-phase-2\08-releases\r10\r10.2\change-requests\cr-286067-tracking-of-magnet-systems\requirements\requirement-290758\003-document-upload-removal-validation-negative.md","Failed",,,,"No '| Step | Action | Expected Result |' table found in: C:\repos\pf-evatec\peer-factory-evatec-2026-q2\docs\qa-documents\pf-evatec-phase-2\08-releases\r10\r10.2\change-requests\cr-286067-tracking-of-magnet-systems\requirements\requirement-290758\003-document-upload-removal-validation-negative.md"
"C:\repos\pf-evatec\peer-factory-evatec-2026-q2\docs\qa-documents\pf-evatec-phase-2\08-releases\r10\r10.2\change-requests\cr-286067-tracking-of-magnet-systems\requirements\requirement-290759\001-view-magnet-system-type-happy-path.md","Updated","293891","291616","291678",
"C:\repos\pf-evatec\peer-factory-evatec-2026-q2\docs\qa-documents\pf-evatec-phase-2\08-releases\r10\r10.2\change-requests\cr-286067-tracking-of-magnet-systems\requirements\requirement-290759\002-view-magnet-system-type-prevent-edit-without-edit-premission.md","Updated","293892","291616","291678",
"C:\repos\pf-evatec\peer-factory-evatec-2026-q2\docs\qa-documents\pf-evatec-phase-2\08-releases\r10\r10.2\change-requests\cr-286067-tracking-of-magnet-systems\requirements\requirement-290760\001-edit-magnet-system-type-happy-path.md","Updated","293893","291616","291678",
"C:\repos\pf-evatec\peer-factory-evatec-2026-q2\docs\qa-documents\pf-evatec-phase-2\08-releases\r10\r10.2\change-requests\cr-286067-tracking-of-magnet-systems\requirements\requirement-290760\002-edit-magnet-system-type-prototype-readonly-fields.md","Updated","293894","291616","291678",
"C:\repos\pf-evatec\peer-factory-evatec-2026-q2\docs\qa-documents\pf-evatec-phase-2\08-releases\r10\r10.2\change-requests\cr-286067-tracking-of-magnet-systems\requirements\requirement-290760\003-edit-magnet-system-type-cancel-with-unsaved-changes.md","Updated","293895","291616","291678",
"C:\repos\pf-evatec\peer-factory-evatec-2026-q2\docs\qa-documents\pf-evatec-phase-2\08-releases\r10\r10.2\change-requests\cr-286067-tracking-of-magnet-systems\requirements\requirement-290760\004-edit-magnet-system-type-back-button-behavior.md","Updated","293896","291616","291678",
"C:\repos\pf-evatec\peer-factory-evatec-2026-q2\docs\qa-documents\pf-evatec-phase-2\08-releases\r10\r10.2\change-requests\cr-286067-tracking-of-magnet-systems\requirements\requirement-290760\004-erp-sourced-fields-readonly-on-prototype-edit.md","Failed",,,,"Test case 'R10.2 Update for CR 286067 - Edit Magnet System Type: Verify ERP-sourced fields are read-only when editing a Prototype Magnet System Type (Validation)' has publish blockers:
[BLOCKER] Requirement traceability section is missing or empty."
"C:\repos\pf-evatec\peer-factory-evatec-2026-q2\docs\qa-documents\pf-evatec-phase-2\08-releases\r10\r10.2\change-requests\cr-286067-tracking-of-magnet-systems\requirements\requirement-290760\005-cancel-edit-does-not-persist-changes.md","Failed",,,,"Test case 'R10.2 Update for CR 286067 - Edit Magnet System Type: Verify cancelling edit with unsaved changes does not persist modifications (Validation)' has publish blockers:
[BLOCKER] Requirement traceability section is missing or empty."
"C:\repos\pf-evatec\peer-factory-evatec-2026-q2\docs\qa-documents\pf-evatec-phase-2\08-releases\r10\r10.2\change-requests\cr-286067-tracking-of-magnet-systems\requirements\requirement-290760\005-edit-magnet-system-type-save-button-availability.md","Updated","293897","291616","291678",
"C:\repos\pf-evatec\peer-factory-evatec-2026-q2\docs\qa-documents\pf-evatec-phase-2\08-releases\r10\r10.2\change-requests\cr-286067-tracking-of-magnet-systems\requirements\requirement-290760\006-back-button-returns-to-detail-page.md","Failed",,,,"Test case 'R10.2 Update for CR 286067 - Edit Magnet System Type: Verify the back button from edit returns the tester to the Magnet System Type detail page (Validation)' has publish blockers:
[BLOCKER] Requirement traceability section is missing or empty."
"C:\repos\pf-evatec\peer-factory-evatec-2026-q2\docs\qa-documents\pf-evatec-phase-2\08-releases\r10\r10.2\change-requests\cr-286067-tracking-of-magnet-systems\requirements\requirement-290760\006-edit-magnet-system-type-prevent-access-without-edit-permission.md","Updated","293898","291616","291678",
"C:\repos\pf-evatec\peer-factory-evatec-2026-q2\docs\qa-documents\pf-evatec-phase-2\08-releases\r10\r10.2\change-requests\cr-286067-tracking-of-magnet-systems\requirements\requirement-290760\007-save-button-enabled-only-on-valid-change.md","Failed",,,,"Test case 'R10.2 Update for CR 286067 - Edit Magnet System Type: Verify Save button is only enabled when a valid change has been made (Validation)' has publish blockers:
[BLOCKER] Requirement traceability section is missing or empty."
"C:\repos\pf-evatec\peer-factory-evatec-2026-q2\docs\qa-documents\pf-evatec-phase-2\08-releases\r10\r10.2\change-requests\cr-286067-tracking-of-magnet-systems\requirements\requirement-290760\008-edit-action-not-available-without-permission.md","Failed",,,,"Test case 'R10.2 Update for CR 286067 - Edit Magnet System Type: Verify the Edit action is not available without edit permission (Security)' has publish blockers:
[BLOCKER] Requirement traceability section is missing or empty."
"C:\repos\pf-evatec\peer-factory-evatec-2026-q2\docs\qa-documents\pf-evatec-phase-2\08-releases\r10\r10.2\change-requests\cr-286067-tracking-of-magnet-systems\requirements\requirement-290761\001-view-and-manage-magnet-system-type-documents-happy-path.md","Updated","293126","291616","291678",
"C:\repos\pf-evatec\peer-factory-evatec-2026-q2\docs\qa-documents\pf-evatec-phase-2\08-releases\r10\r10.2\change-requests\cr-286067-tracking-of-magnet-systems\requirements\requirement-290761\003-remove-document-from-magnet-system-type.md","Failed",,,,"Test case 'R10.2 Update for CR 286067 - View and Manage Magnet System Type Documents: Verify tester can remove a document from a Magnet System Type in edit mode (Happy Path)' has publish blockers:
[BLOCKER] Requirement traceability section is missing or empty."
"C:\repos\pf-evatec\peer-factory-evatec-2026-q2\docs\qa-documents\pf-evatec-phase-2\08-releases\r10\r10.2\change-requests\cr-286067-tracking-of-magnet-systems\requirements\requirement-290761\004-invalid-file-types-rejected-on-upload.md","Failed",,,,"Test case 'R10.2 Update for CR 286067 - View and Manage Magnet System Type Documents: Verify invalid file types are rejected on upload (Unhappy Path)' has publish blockers:
[BLOCKER] Requirement traceability section is missing or empty."
"C:\repos\pf-evatec\peer-factory-evatec-2026-q2\docs\qa-documents\pf-evatec-phase-2\08-releases\r10\r10.2\change-requests\cr-286067-tracking-of-magnet-systems\requirements\requirement-290761\004-view-manage-magnet-system-type-documents-reject-invalid-upload.md","Updated","293806","291616","291678",
"C:\repos\pf-evatec\peer-factory-evatec-2026-q2\docs\qa-documents\pf-evatec-phase-2\08-releases\r10\r10.2\change-requests\cr-286067-tracking-of-magnet-systems\requirements\requirement-290761\005-upload-remove-not-available-without-permission.md","Failed",,,,"Test case 'R10.2 Update for CR 286067 - View and Manage Magnet System Type Documents: Verify upload and remove actions are not available without edit permission (Security)' has publish blockers:
[BLOCKER] Requirement traceability section is missing or empty."
"C:\repos\pf-evatec\peer-factory-evatec-2026-q2\docs\qa-documents\pf-evatec-phase-2\08-releases\r10\r10.2\change-requests\cr-286067-tracking-of-magnet-systems\requirements\requirement-290761\005-view-manage-magnet-system-type-documents-permission-boundaries.md","Updated","293807","291616","291678",
"C:\repos\pf-evatec\peer-factory-evatec-2026-q2\docs\qa-documents\pf-evatec-phase-2\08-releases\r10\r10.2\change-requests\cr-286067-tracking-of-magnet-systems\requirements\requirement-290762\001-magnet-system-type-history-audit.md","Updated","293128","291616","291678",
"C:\repos\pf-evatec\peer-factory-evatec-2026-q2\docs\qa-documents\pf-evatec-phase-2\08-releases\r10\r10.2\change-requests\cr-286067-tracking-of-magnet-systems\requirements\requirement-290762\002-magnet-system-type-prototype-lineage-history.md","Updated","293129","291616","291678",
"C:\repos\pf-evatec\peer-factory-evatec-2026-q2\docs\qa-documents\pf-evatec-phase-2\08-releases\r10\r10.2\change-requests\cr-286067-tracking-of-magnet-systems\requirements\requirement-290762\003-magnet-system-type-prototype-version-chain-history.md","Updated","293811","291616","291678",
"C:\repos\pf-evatec\peer-factory-evatec-2026-q2\docs\qa-documents\pf-evatec-phase-2\08-releases\r10\r10.2\change-requests\cr-286067-tracking-of-magnet-systems\requirements\requirement-290762\003-prototype-creation-history-source-and-variant.md","Failed",,,,"Test case 'R10.2 Update for CR 286067 - Magnet System Type History: Verify prototype creation history records the source type and variant code (Audit)' has publish blockers:
[BLOCKER] Requirement traceability section is missing or empty."
"C:\repos\pf-evatec\peer-factory-evatec-2026-q2\docs\qa-documents\pf-evatec-phase-2\08-releases\r10\r10.2\change-requests\cr-286067-tracking-of-magnet-systems\requirements\requirement-290762\004-promotion-history-predecessor-prototype.md","Failed",,,,"Test case 'R10.2 Update for CR 286067 - Magnet System Type History: Verify promotion history records the predecessor prototype and links to the promoted type (Audit)' has publish blockers:
[BLOCKER] Requirement traceability section is missing or empty."
"C:\repos\pf-evatec\peer-factory-evatec-2026-q2\docs\qa-documents\pf-evatec-phase-2\08-releases\r10\r10.2\change-requests\cr-286067-tracking-of-magnet-systems\requirements\requirement-290763\001-define-magnet-system-type-as-standard-happy-path.md","Updated","293130","291616","291678",
"C:\repos\pf-evatec\peer-factory-evatec-2026-q2\docs\qa-documents\pf-evatec-phase-2\08-releases\r10\r10.2\change-requests\cr-286067-tracking-of-magnet-systems\requirements\requirement-290763\002-define-magnet-system-type-as-standard-uniqueness-validation.md","Updated","293899","291616","291678",
"C:\repos\pf-evatec\peer-factory-evatec-2026-q2\docs\qa-documents\pf-evatec-phase-2\08-releases\r10\r10.2\change-requests\cr-286067-tracking-of-magnet-systems\requirements\requirement-290763\003-create-prototype-from-standard-type.md","Failed",,,,"Test case 'R10.2 Update for CR 286067 - Define Magnet System Type as Standard: Verify tester can create a prototype from a Standard Magnet System Type (Happy Path)' has publish blockers:
[BLOCKER] Requirement traceability section is missing or empty."
"C:\repos\pf-evatec\peer-factory-evatec-2026-q2\docs\qa-documents\pf-evatec-phase-2\08-releases\r10\r10.2\change-requests\cr-286067-tracking-of-magnet-systems\requirements\requirement-290763\003-standard-to-prototype-happy-path.md","Updated","293900","291616","291678",
"C:\repos\pf-evatec\peer-factory-evatec-2026-q2\docs\qa-documents\pf-evatec-phase-2\08-releases\r10\r10.2\change-requests\cr-286067-tracking-of-magnet-systems\requirements\requirement-290763\004-prototype-to-prototype-variant-increment.md","Updated","293901","291616","291678",
"C:\repos\pf-evatec\peer-factory-evatec-2026-q2\docs\qa-documents\pf-evatec-phase-2\08-releases\r10\r10.2\change-requests\cr-286067-tracking-of-magnet-systems\requirements\requirement-290763\004-variant-code-increments-to-v02.md","Failed",,,,"Test case 'R10.2 Update for CR 286067 - Define Magnet System Type as Standard: Verify variant code increments to V02 when a second prototype is created from the same source (Happy Path)' has publish blockers:
[BLOCKER] Requirement traceability section is missing or empty."
"C:\repos\pf-evatec\peer-factory-evatec-2026-q2\docs\qa-documents\pf-evatec-phase-2\08-releases\r10\r10.2\change-requests\cr-286067-tracking-of-magnet-systems\requirements\requirement-290763\005-magnet-systems-remain-linked-after-prototype-promotion.md","Failed",,,,"Test case 'R10.2 Update for CR 286067 - Define Magnet System Type as Standard: Verify existing magnet systems remain linked to the promoted type after a prototype is promoted to Standard (Integration)' has publish blockers:
[BLOCKER] Requirement traceability section is missing or empty."
"C:\repos\pf-evatec\peer-factory-evatec-2026-q2\docs\qa-documents\pf-evatec-phase-2\08-releases\r10\r10.2\change-requests\cr-286067-tracking-of-magnet-systems\requirements\requirement-290763\005-promote-prototype-propagates-to-existing-magnet-systems.md","Updated","293134","291616","291678",
"C:\repos\pf-evatec\peer-factory-evatec-2026-q2\docs\qa-documents\pf-evatec-phase-2\08-releases\r10\r10.2\change-requests\cr-286067-tracking-of-magnet-systems\requirements\requirement-290763\006-article-number-uniqueness-validation.md","Updated","293817","291616","291678",
"C:\repos\pf-evatec\peer-factory-evatec-2026-q2\docs\qa-documents\pf-evatec-phase-2\08-releases\r10\r10.2\change-requests\cr-286067-tracking-of-magnet-systems\requirements\requirement-290763\006-prototype-article-number-rejected-matching-hardware-component.md","Failed",,,,"Test case 'R10.2 Update for CR 286067 - Define Magnet System Type as Standard: Verify prototype article number is rejected when it matches an existing Hardware Component article number (Validation)' has publish blockers:
[BLOCKER] Requirement traceability section is missing or empty."
"C:\repos\pf-evatec\peer-factory-evatec-2026-q2\docs\qa-documents\pf-evatec-phase-2\08-releases\r10\r10.2\change-requests\cr-286067-tracking-of-magnet-systems\requirements\requirement-290764\001-magnet-systems-list-happy-path.md","Updated","293136","291616","291678",
"C:\repos\pf-evatec\peer-factory-evatec-2026-q2\docs\qa-documents\pf-evatec-phase-2\08-releases\r10\r10.2\change-requests\cr-286067-tracking-of-magnet-systems\requirements\requirement-290764\002-magnet-systems-list-inspection-and-retired-filters.md","Updated","293902","291616","291678",
"C:\repos\pf-evatec\peer-factory-evatec-2026-q2\docs\qa-documents\pf-evatec-phase-2\08-releases\r10\r10.2\change-requests\cr-286067-tracking-of-magnet-systems\requirements\requirement-290764\003-checkout-happy-path.md","Failed",,,,"Test case 'R10.2 Update for CR 286067 - Magnet Systems: Verify tester can check out an In Stock magnet system and a checkout history entry is recorded (Happy Path)' has publish blockers:
[BLOCKER] Requirement traceability section is missing or empty."
"C:\repos\pf-evatec\peer-factory-evatec-2026-q2\docs\qa-documents\pf-evatec-phase-2\08-releases\r10\r10.2\change-requests\cr-286067-tracking-of-magnet-systems\requirements\requirement-290764\003-magnet-systems-selected-actions-and-permissions.md","Updated","293818","291616","291678",
"C:\repos\pf-evatec\peer-factory-evatec-2026-q2\docs\qa-documents\pf-evatec-phase-2\08-releases\r10\r10.2\change-requests\cr-286067-tracking-of-magnet-systems\requirements\requirement-290764\004-checkout-blocked-invalid-status.md","Failed",,,,"Test case 'R10.2 Update for CR 286067 - Magnet Systems: Verify checkout is blocked for magnet systems not in In Stock status (Unhappy Path)' has publish blockers:
[BLOCKER] Requirement traceability section is missing or empty."
"C:\repos\pf-evatec\peer-factory-evatec-2026-q2\docs\qa-documents\pf-evatec-phase-2\08-releases\r10\r10.2\change-requests\cr-286067-tracking-of-magnet-systems\requirements\requirement-290764\005-checkout-not-available-without-permission.md","Failed",,,,"Test case 'R10.2 Update for CR 286067 - Magnet Systems: Verify checkout action is not available without edit permission (Security)' has publish blockers:
[BLOCKER] Requirement traceability section is missing or empty."
"C:\repos\pf-evatec\peer-factory-evatec-2026-q2\docs\qa-documents\pf-evatec-phase-2\08-releases\r10\r10.2\change-requests\cr-286067-tracking-of-magnet-systems\requirements\requirement-290764\006-inspection-required-and-retired-filters.md","Failed",,,,"Test case 'R10.2 Update for CR 286067 - Magnet Systems: Verify the Inspection Required and Retired filters function on the Magnet Systems list (Validation)' has publish blockers:
[BLOCKER] Requirement traceability section is missing or empty."
"C:\repos\pf-evatec\peer-factory-evatec-2026-q2\docs\qa-documents\pf-evatec-phase-2\08-releases\r10\r10.2\change-requests\cr-286067-tracking-of-magnet-systems\requirements\requirement-290764\007-list-actions-based-on-permissions.md","Failed",,,,"Test case 'R10.2 Update for CR 286067 - Magnet Systems: Verify list-level actions are available based on tester permissions (Security)' has publish blockers:
[BLOCKER] Requirement traceability section is missing or empty."
"C:\repos\pf-evatec\peer-factory-evatec-2026-q2\docs\qa-documents\pf-evatec-phase-2\08-releases\r10\r10.2\change-requests\cr-286067-tracking-of-magnet-systems\requirements\requirement-290765\001-new-magnet-system-happy-path.md","Updated","293138","291616","291678",
"C:\repos\pf-evatec\peer-factory-evatec-2026-q2\docs\qa-documents\pf-evatec-phase-2\08-releases\r10\r10.2\change-requests\cr-286067-tracking-of-magnet-systems\requirements\requirement-290765\002-new-magnet-system-duplicate-serial-negative.md","Updated","293903","291616","291678",
"C:\repos\pf-evatec\peer-factory-evatec-2026-q2\docs\qa-documents\pf-evatec-phase-2\08-releases\r10\r10.2\change-requests\cr-286067-tracking-of-magnet-systems\requirements\requirement-290765\003-duplicate-serial-number-rejected.md","Failed",,,,"Test case 'R10.2 Update for CR 286067 - New Magnet System: Verify a magnet system cannot be created with a serial number already in use (Unhappy Path)' has publish blockers:
[BLOCKER] Requirement traceability section is missing or empty."
"C:\repos\pf-evatec\peer-factory-evatec-2026-q2\docs\qa-documents\pf-evatec-phase-2\08-releases\r10\r10.2\change-requests\cr-286067-tracking-of-magnet-systems\requirements\requirement-290765\003-new-magnet-system-required-field-validation.md","Updated","293904","291616","291678",
"C:\repos\pf-evatec\peer-factory-evatec-2026-q2\docs\qa-documents\pf-evatec-phase-2\08-releases\r10\r10.2\change-requests\cr-286067-tracking-of-magnet-systems\requirements\requirement-290765\004-required-fields-enforced-on-new-magnet-system.md","Failed",,,,"Test case 'R10.2 Update for CR 286067 - New Magnet System: Verify required fields are enforced before a new magnet system can be saved (Validation)' has publish blockers:
[BLOCKER] Requirement traceability section is missing or empty."
"C:\repos\pf-evatec\peer-factory-evatec-2026-q2\docs\qa-documents\pf-evatec-phase-2\08-releases\r10\r10.2\change-requests\cr-286067-tracking-of-magnet-systems\requirements\requirement-290766\001-view-and-upload-documents-for-new-magnet-system-happy-path.md","Updated","293141","291616","291678",
"C:\repos\pf-evatec\peer-factory-evatec-2026-q2\docs\qa-documents\pf-evatec-phase-2\08-releases\r10\r10.2\change-requests\cr-286067-tracking-of-magnet-systems\requirements\requirement-290766\002-upload-documents-invalid-file-type-negative.md","Updated","293905","291616","291678",
"C:\repos\pf-evatec\peer-factory-evatec-2026-q2\docs\qa-documents\pf-evatec-phase-2\08-releases\r10\r10.2\change-requests\cr-286067-tracking-of-magnet-systems\requirements\requirement-290766\003-upload-multiple-documents-happy-path.md","Updated","293820","291616","291678",
"C:\repos\pf-evatec\peer-factory-evatec-2026-q2\docs\qa-documents\pf-evatec-phase-2\08-releases\r10\r10.2\change-requests\cr-286067-tracking-of-magnet-systems\requirements\requirement-290766\004-remove-uploaded-document-before-save.md","Updated","293906","291616","291678",
"C:\repos\pf-evatec\peer-factory-evatec-2026-q2\docs\qa-documents\pf-evatec-phase-2\08-releases\r10\r10.2\change-requests\cr-286067-tracking-of-magnet-systems\requirements\requirement-290767\001-view-magnet-system-happy-path.md","Updated","293143","291616","291678",
"C:\repos\pf-evatec\peer-factory-evatec-2026-q2\docs\qa-documents\pf-evatec-phase-2\08-releases\r10\r10.2\change-requests\cr-286067-tracking-of-magnet-systems\requirements\requirement-290767\002-view-magnet-system-state-sensitive-fields.md","Updated","293907","291616","291678",
"C:\repos\pf-evatec\peer-factory-evatec-2026-q2\docs\qa-documents\pf-evatec-phase-2\08-releases\r10\r10.2\change-requests\cr-286067-tracking-of-magnet-systems\requirements\requirement-290767\003-location-field-displays-tool-name-in-use-only.md","Failed",,,,"Test case 'R10.2 Update for CR 286067 - View Magnet System: Verify location field displays tool name when In Use and is empty for all other statuses (Validation)' has publish blockers:
[BLOCKER] Requirement traceability section is missing or empty."
"C:\repos\pf-evatec\peer-factory-evatec-2026-q2\docs\qa-documents\pf-evatec-phase-2\08-releases\r10\r10.2\change-requests\cr-286067-tracking-of-magnet-systems\requirements\requirement-290767\003-view-magnet-system-inspection-notification.md","Updated","293822","291616","291678",
"C:\repos\pf-evatec\peer-factory-evatec-2026-q2\docs\qa-documents\pf-evatec-phase-2\08-releases\r10\r10.2\change-requests\cr-286067-tracking-of-magnet-systems\requirements\requirement-290767\004-inspection-required-notification-visible.md","Failed",,,,"Test case 'R10.2 Update for CR 286067 - View Magnet System: Verify inspection-required notification is visible on the detail page when the flag is set (Validation)' has publish blockers:
[BLOCKER] Requirement traceability section is missing or empty."
"C:\repos\pf-evatec\peer-factory-evatec-2026-q2\docs\qa-documents\pf-evatec-phase-2\08-releases\r10\r10.2\change-requests\cr-286067-tracking-of-magnet-systems\requirements\requirement-290767\004-view-magnet-system-action-button-permissions.md","Updated","293908","291616","291678",
"C:\repos\pf-evatec\peer-factory-evatec-2026-q2\docs\qa-documents\pf-evatec-phase-2\08-releases\r10\r10.2\change-requests\cr-286067-tracking-of-magnet-systems\requirements\requirement-290767\005-action-buttons-reflect-status-and-permissions.md","Failed",,,,"Test case 'R10.2 Update for CR 286067 - View Magnet System: Verify action buttons reflect permitted actions based on magnet system status and tester permissions (Security)' has publish blockers:
[BLOCKER] Requirement traceability section is missing or empty."
"C:\repos\pf-evatec\peer-factory-evatec-2026-q2\docs\qa-documents\pf-evatec-phase-2\08-releases\r10\r10.2\change-requests\cr-286067-tracking-of-magnet-systems\requirements\requirement-290768\001-view-magnet-system-documents-happy-path.md","Updated","293145","291616","291678",
"C:\repos\pf-evatec\peer-factory-evatec-2026-q2\docs\qa-documents\pf-evatec-phase-2\08-releases\r10\r10.2\change-requests\cr-286067-tracking-of-magnet-systems\requirements\requirement-290768\002-view-magnet-system-documents-unhappy-path.md","Updated","293824","291616","291678",
"C:\repos\pf-evatec\peer-factory-evatec-2026-q2\docs\qa-documents\pf-evatec-phase-2\08-releases\r10\r10.2\change-requests\cr-286067-tracking-of-magnet-systems\requirements\requirement-290769\001-edit-magnet-system-happy-path.md","Updated","293146","291616","291678",
"C:\repos\pf-evatec\peer-factory-evatec-2026-q2\docs\qa-documents\pf-evatec-phase-2\08-releases\r10\r10.2\change-requests\cr-286067-tracking-of-magnet-systems\requirements\requirement-290769\002-edit-magnet-system-immutable-field-negative.md","Updated","293909","291616","291678",
"C:\repos\pf-evatec\peer-factory-evatec-2026-q2\docs\qa-documents\pf-evatec-phase-2\08-releases\r10\r10.2\change-requests\cr-286067-tracking-of-magnet-systems\requirements\requirement-290769\003-edit-retired-magnet-system-comment-only.md","Updated","293910","291616","291678",
"C:\repos\pf-evatec\peer-factory-evatec-2026-q2\docs\qa-documents\pf-evatec-phase-2\08-releases\r10\r10.2\change-requests\cr-286067-tracking-of-magnet-systems\requirements\requirement-290769\003-serial-number-and-ms-number-immutable.md","Failed",,,,"Test case 'R10.2 Update for CR 286067 - Edit Magnet System: Verify Serial Number and Magnet System Number fields cannot be edited after creation (Unhappy Path)' has publish blockers:
[BLOCKER] Requirement traceability section is missing or empty."
"C:\repos\pf-evatec\peer-factory-evatec-2026-q2\docs\qa-documents\pf-evatec-phase-2\08-releases\r10\r10.2\change-requests\cr-286067-tracking-of-magnet-systems\requirements\requirement-290769\004-edit-magnet-system-inspection-notification.md","Updated","293911","291616","291678",
"C:\repos\pf-evatec\peer-factory-evatec-2026-q2\docs\qa-documents\pf-evatec-phase-2\08-releases\r10\r10.2\change-requests\cr-286067-tracking-of-magnet-systems\requirements\requirement-290769\004-only-comment-editable-on-retired.md","Failed",,,,"Test case 'R10.2 Update for CR 286067 - Edit Magnet System: Verify only the Comment field is editable on a Retired magnet system (Validation)' has publish blockers:
[BLOCKER] Requirement traceability section is missing or empty."
"C:\repos\pf-evatec\peer-factory-evatec-2026-q2\docs\qa-documents\pf-evatec-phase-2\08-releases\r10\r10.2\change-requests\cr-286067-tracking-of-magnet-systems\requirements\requirement-290769\005-inspection-required-notification-visible-on-edit.md","Failed",,,,"Test case 'R10.2 Update for CR 286067 - Edit Magnet System: Verify inspection-required notification is visible on edit for magnet systems requiring inspection (Validation)' has publish blockers:
[BLOCKER] Requirement traceability section is missing or empty."
"C:\repos\pf-evatec\peer-factory-evatec-2026-q2\docs\qa-documents\pf-evatec-phase-2\08-releases\r10\r10.2\change-requests\cr-286067-tracking-of-magnet-systems\requirements\requirement-290770\001-view-and-manage-magnet-system-documents-happy-path.md","Updated","293827","291616","291678",
"C:\repos\pf-evatec\peer-factory-evatec-2026-q2\docs\qa-documents\pf-evatec-phase-2\08-releases\r10\r10.2\change-requests\cr-286067-tracking-of-magnet-systems\requirements\requirement-290770\002-manage-magnet-system-documents-upload-and-replace.md","Updated","293828","291616","291678",
"C:\repos\pf-evatec\peer-factory-evatec-2026-q2\docs\qa-documents\pf-evatec-phase-2\08-releases\r10\r10.2\change-requests\cr-286067-tracking-of-magnet-systems\requirements\requirement-290770\003-invalidDocumentOperations_Negative.md.md","Updated","293912","291616","291678",
"C:\repos\pf-evatec\peer-factory-evatec-2026-q2\docs\qa-documents\pf-evatec-phase-2\08-releases\r10\r10.2\change-requests\cr-286067-tracking-of-magnet-systems\requirements\requirement-290770\003-upload-and-replace-document-on-magnet-system.md","Failed",,,,"Test case 'R10.2 Update for CR 286067 - View and Manage Magnet System Documents: Verify tester can upload and replace a document on an existing magnet system (Happy Path)' has publish blockers:
[BLOCKER] Requirement traceability section is missing or empty."
"C:\repos\pf-evatec\peer-factory-evatec-2026-q2\docs\qa-documents\pf-evatec-phase-2\08-releases\r10\r10.2\change-requests\cr-286067-tracking-of-magnet-systems\requirements\requirement-290770\004-invalid-document-operations-blocked.md","Failed",,,,"Test case 'R10.2 Update for CR 286067 - View and Manage Magnet System Documents: Verify invalid document operations are blocked (Unhappy Path)' has publish blockers:
[BLOCKER] Requirement traceability section is missing or empty."
"C:\repos\pf-evatec\peer-factory-evatec-2026-q2\docs\qa-documents\pf-evatec-phase-2\08-releases\r10\r10.2\change-requests\cr-286067-tracking-of-magnet-systems\requirements\requirement-290771\001-magnet-system-history-audit.md","Updated","293832","291616","291678",
"C:\repos\pf-evatec\peer-factory-evatec-2026-q2\docs\qa-documents\pf-evatec-phase-2\08-releases\r10\r10.2\change-requests\cr-286067-tracking-of-magnet-systems\requirements\requirement-290771\002-magnet-system-history-full-lifecycle-audit.md","Updated","293833","291616","291678",
"C:\repos\pf-evatec\peer-factory-evatec-2026-q2\docs\qa-documents\pf-evatec-phase-2\08-releases\r10\r10.2\change-requests\cr-286067-tracking-of-magnet-systems\requirements\requirement-290771\003-distinct-history-entries-per-lifecycle-event.md","Failed",,,,"Test case 'R10.2 Update for CR 286067 - Magnet System History: Verify distinct history entries are generated for each major lifecycle event (Audit)' has publish blockers:
[BLOCKER] Requirement traceability section is missing or empty."
"C:\repos\pf-evatec\peer-factory-evatec-2026-q2\docs\qa-documents\pf-evatec-phase-2\08-releases\r10\r10.2\change-requests\cr-286067-tracking-of-magnet-systems\requirements\requirement-290771\003-magnet-system-history-prototype-and-standard-audit.md","Updated","293834","291616","291678",
"C:\repos\pf-evatec\peer-factory-evatec-2026-q2\docs\qa-documents\pf-evatec-phase-2\08-releases\r10\r10.2\change-requests\cr-286067-tracking-of-magnet-systems\requirements\requirement-290771\004-history-records-type-change-on-modify.md","Failed",,,,"Test case 'R10.2 Update for CR 286067 - Magnet System History: Verify history records the type change when a magnet system is modified to a prototype (Audit)' has publish blockers:
[BLOCKER] Requirement traceability section is missing or empty."
"C:\repos\pf-evatec\peer-factory-evatec-2026-q2\docs\qa-documents\pf-evatec-phase-2\08-releases\r10\r10.2\change-requests\cr-286067-tracking-of-magnet-systems\requirements\requirement-290771\004-magnet-system-history-details-and-link-navigation-audit.md","Updated","293835","291616","291678",
"C:\repos\pf-evatec\peer-factory-evatec-2026-q2\docs\qa-documents\pf-evatec-phase-2\08-releases\r10\r10.2\change-requests\cr-286067-tracking-of-magnet-systems\requirements\requirement-290771\005-history-entries-full-details-and-navigation.md","Failed",,,,"Test case 'R10.2 Update for CR 286067 - Magnet System History: Verify history entries display full details and navigation links where applicable (Audit)' has publish blockers:
[BLOCKER] Requirement traceability section is missing or empty."
"C:\repos\pf-evatec\peer-factory-evatec-2026-q2\docs\qa-documents\pf-evatec-phase-2\08-releases\r10\r10.2\change-requests\cr-286067-tracking-of-magnet-systems\requirements\requirement-290772\001-retire-magnet-system-happy-path.md","Updated","293152","291616","291678",
"C:\repos\pf-evatec\peer-factory-evatec-2026-q2\docs\qa-documents\pf-evatec-phase-2\08-releases\r10\r10.2\change-requests\cr-286067-tracking-of-magnet-systems\requirements\requirement-290772\002-retire-magnet-system-not-selectable-validation.md","Updated","293913","291616","291678",
"C:\repos\pf-evatec\peer-factory-evatec-2026-q2\docs\qa-documents\pf-evatec-phase-2\08-releases\r10\r10.2\change-requests\cr-286067-tracking-of-magnet-systems\requirements\requirement-290772\003-retire-blocked-when-in-use.md","Failed",,,,"Test case 'R10.2 Update for CR 286067 - Retire Magnet System: Verify retire is blocked when the magnet system is In Use (Unhappy Path)' has publish blockers:
[BLOCKER] Requirement traceability section is missing or empty."
"C:\repos\pf-evatec\peer-factory-evatec-2026-q2\docs\qa-documents\pf-evatec-phase-2\08-releases\r10\r10.2\change-requests\cr-286067-tracking-of-magnet-systems\requirements\requirement-290772\003-retire-magnet-system-in-use-negative.md","Updated","293914","291616","291678",
"C:\repos\pf-evatec\peer-factory-evatec-2026-q2\docs\qa-documents\pf-evatec-phase-2\08-releases\r10\r10.2\change-requests\cr-286067-tracking-of-magnet-systems\requirements\requirement-290772\004-retire-magnet-system-mandatory-reason-validation.md","Updated","293915","291616","291678",
"C:\repos\pf-evatec\peer-factory-evatec-2026-q2\docs\qa-documents\pf-evatec-phase-2\08-releases\r10\r10.2\change-requests\cr-286067-tracking-of-magnet-systems\requirements\requirement-290772\004-retirement-reason-mandatory.md","Failed",,,,"Test case 'R10.2 Update for CR 286067 - Retire Magnet System: Verify a mandatory retirement reason is required before retirement can be confirmed (Validation)' has publish blockers:
[BLOCKER] Requirement traceability section is missing or empty."
"C:\repos\pf-evatec\peer-factory-evatec-2026-q2\docs\qa-documents\pf-evatec-phase-2\08-releases\r10\r10.2\change-requests\cr-286067-tracking-of-magnet-systems\requirements\requirement-290772\005-retire-action-not-available-without-permission.md","Failed",,,,"Test case 'R10.2 Update for CR 286067 - Retire Magnet System: Verify retirement action is not available without edit permission (Security)' has publish blockers:
[BLOCKER] Requirement traceability section is missing or empty."
"C:\repos\pf-evatec\peer-factory-evatec-2026-q2\docs\qa-documents\pf-evatec-phase-2\08-releases\r10\r10.2\change-requests\cr-286067-tracking-of-magnet-systems\requirements\requirement-290772\005-retire-magnet-system-security-permissions.md","Updated","293916","291616","291678",
"C:\repos\pf-evatec\peer-factory-evatec-2026-q2\docs\qa-documents\pf-evatec-phase-2\08-releases\r10\r10.2\change-requests\cr-286067-tracking-of-magnet-systems\requirements\requirement-290773\001-modify-magnet-system-happy-path.md","Updated","293156","291616","291678",
"C:\repos\pf-evatec\peer-factory-evatec-2026-q2\docs\qa-documents\pf-evatec-phase-2\08-releases\r10\r10.2\change-requests\cr-286067-tracking-of-magnet-systems\requirements\requirement-290773\002-modify-magnet-system-status-restriction-negative.md","Updated","293917","291616","291678",
"C:\repos\pf-evatec\peer-factory-evatec-2026-q2\docs\qa-documents\pf-evatec-phase-2\08-releases\r10\r10.2\change-requests\cr-286067-tracking-of-magnet-systems\requirements\requirement-290773\003-modify-blocked-when-in-use.md","Failed",,,,"Test case 'R10.2 Update for CR 286067 - Modify Magnet System: Verify modify is blocked when the magnet system is In Use (Unhappy Path)' has publish blockers:
[BLOCKER] Requirement traceability section is missing or empty."
"C:\repos\pf-evatec\peer-factory-evatec-2026-q2\docs\qa-documents\pf-evatec-phase-2\08-releases\r10\r10.2\change-requests\cr-286067-tracking-of-magnet-systems\requirements\requirement-290773\003-modify-magnet-system-variant-code-increment.md","Updated","293918","291616","291678",
"C:\repos\pf-evatec\peer-factory-evatec-2026-q2\docs\qa-documents\pf-evatec-phase-2\08-releases\r10\r10.2\change-requests\cr-286067-tracking-of-magnet-systems\requirements\requirement-290773\004-modify-magnet-system-use-existing-prototype.md","Updated","293919","291616","291678",
"C:\repos\pf-evatec\peer-factory-evatec-2026-q2\docs\qa-documents\pf-evatec-phase-2\08-releases\r10\r10.2\change-requests\cr-286067-tracking-of-magnet-systems\requirements\requirement-290773\004-variant-code-increments-on-second-prototype.md","Failed",,,,"Test case 'R10.2 Update for CR 286067 - Modify Magnet System: Verify variant code increments sequentially when a second prototype is created from the same source type (Validation)' has publish blockers:
[BLOCKER] Requirement traceability section is missing or empty."
"C:\repos\pf-evatec\peer-factory-evatec-2026-q2\docs\qa-documents\pf-evatec-phase-2\08-releases\r10\r10.2\change-requests\cr-286067-tracking-of-magnet-systems\requirements\requirement-290773\005-assign-to-existing-prototype-type-during-modify.md","Failed",,,,"Test case 'R10.2 Update for CR 286067 - Modify Magnet System: Verify a magnet system can be assigned to an existing prototype type during modify (Happy Path)' has publish blockers:
[BLOCKER] Requirement traceability section is missing or empty."
"C:\repos\pf-evatec\peer-factory-evatec-2026-q2\docs\qa-documents\pf-evatec-phase-2\08-releases\r10\r10.2\change-requests\cr-286067-tracking-of-magnet-systems\requirements\requirement-290773\005-modify-magnet-system-prototype-creation-rules-and-cancellation.md","Updated","293920","291616","291678",
"C:\repos\pf-evatec\peer-factory-evatec-2026-q2\docs\qa-documents\pf-evatec-phase-2\08-releases\r10\r10.2\change-requests\cr-286067-tracking-of-magnet-systems\requirements\requirement-290773\006-cancel-modify-does-not-create-prototype.md","Failed",,,,"Test case 'R10.2 Update for CR 286067 - Modify Magnet System: Verify cancelling the modify action does not create a prototype type or change the magnet system (Unhappy Path)' has publish blockers:
[BLOCKER] Requirement traceability section is missing or empty."
"C:\repos\pf-evatec\peer-factory-evatec-2026-q2\docs\qa-documents\pf-evatec-phase-2\08-releases\r10\r10.2\change-requests\cr-286067-tracking-of-magnet-systems\requirements\requirement-290773\006-modify-magnet-system-security-permissions.md","Updated","293921","291616","291678",
"C:\repos\pf-evatec\peer-factory-evatec-2026-q2\docs\qa-documents\pf-evatec-phase-2\08-releases\r10\r10.2\change-requests\cr-286067-tracking-of-magnet-systems\requirements\requirement-290773\007-modify-action-not-available-without-permission.md","Failed",,,,"Test case 'R10.2 Update for CR 286067 - Modify Magnet System: Verify modify action is not available without edit permission (Security)' has publish blockers:
[BLOCKER] Requirement traceability section is missing or empty."
"C:\repos\pf-evatec\peer-factory-evatec-2026-q2\docs\qa-documents\pf-evatec-phase-2\08-releases\r10\r10.2\change-requests\cr-286067-tracking-of-magnet-systems\requirements\requirement-290775\001-return-magnet-system-happy-path.md","Updated","293159","291616","291678",
"C:\repos\pf-evatec\peer-factory-evatec-2026-q2\docs\qa-documents\pf-evatec-phase-2\08-releases\r10\r10.2\change-requests\cr-286067-tracking-of-magnet-systems\requirements\requirement-290775\002-return-magnet-system-from-in-stock-negative.md","Updated","293922","291616","291678",
"C:\repos\pf-evatec\peer-factory-evatec-2026-q2\docs\qa-documents\pf-evatec-phase-2\08-releases\r10\r10.2\change-requests\cr-286067-tracking-of-magnet-systems\requirements\requirement-290775\003-return-blocked-when-in-stock.md","Failed",,,,"Test case 'R10.2 Update for CR 286067 - Return Magnet System: Verify return is blocked when the magnet system is In Stock (Unhappy Path)' has publish blockers:
[BLOCKER] Requirement traceability section is missing or empty."
"C:\repos\pf-evatec\peer-factory-evatec-2026-q2\docs\qa-documents\pf-evatec-phase-2\08-releases\r10\r10.2\change-requests\cr-286067-tracking-of-magnet-systems\requirements\requirement-290775\003-return-magnet-system-cleanup-validation.md","Updated","293923","291616","291678",
"C:\repos\pf-evatec\peer-factory-evatec-2026-q2\docs\qa-documents\pf-evatec-phase-2\08-releases\r10\r10.2\change-requests\cr-286067-tracking-of-magnet-systems\requirements\requirement-290775\004-location-cleared-and-status-in-stock-after-return.md","Failed",,,,"Test case 'R10.2 Update for CR 286067 - Return Magnet System: Verify location context is cleared and status is In Stock after a successful return (Validation)' has publish blockers:
[BLOCKER] Requirement traceability section is missing or empty."
"C:\repos\pf-evatec\peer-factory-evatec-2026-q2\docs\qa-documents\pf-evatec-phase-2\08-releases\r10\r10.2\change-requests\cr-286067-tracking-of-magnet-systems\requirements\requirement-290776\001-print-magnet-system-label-happy-path.md","Updated","293162","291616","291678",
"C:\repos\pf-evatec\peer-factory-evatec-2026-q2\docs\qa-documents\pf-evatec-phase-2\08-releases\r10\r10.2\change-requests\cr-286067-tracking-of-magnet-systems\requirements\requirement-290776\002-print-magnet-system-label-content-validation.md","Updated","293163","291616","291678",
"C:\repos\pf-evatec\peer-factory-evatec-2026-q2\docs\qa-documents\pf-evatec-phase-2\08-releases\r10\r10.2\change-requests\cr-286067-tracking-of-magnet-systems\requirements\requirement-290776\003-print-magnet-system-label-prototype-variant.md","Updated","293924","291616","291678",
"C:\repos\pf-evatec\peer-factory-evatec-2026-q2\docs\qa-documents\pf-evatec-phase-2\08-releases\r10\r10.2\change-requests\cr-286067-tracking-of-magnet-systems\requirements\requirement-290776\003-prototype-variant-code-on-label.md","Failed",,,,"Test case 'R10.2 Update for CR 286067 - Print Magnet System Label: Verify the prototype variant code appears on the label when the magnet system is linked to a prototype type (Validation)' has publish blockers:
[BLOCKER] Requirement traceability section is missing or empty."
"C:\repos\pf-evatec\peer-factory-evatec-2026-q2\docs\qa-documents\pf-evatec-phase-2\08-releases\r10\r10.2\change-requests\cr-286067-tracking-of-magnet-systems\requirements\requirement-290777\001-change-magnet-system-happy-path.md","Updated","293165","291616","291678",
"C:\repos\pf-evatec\peer-factory-evatec-2026-q2\docs\qa-documents\pf-evatec-phase-2\08-releases\r10\r10.2\change-requests\cr-286067-tracking-of-magnet-systems\requirements\requirement-290777\002-change-magnet-system-history-regression.md","Updated","293925","291616","291678",
"C:\repos\pf-evatec\peer-factory-evatec-2026-q2\docs\qa-documents\pf-evatec-phase-2\08-releases\r10\r10.2\change-requests\cr-286067-tracking-of-magnet-systems\requirements\requirement-290777\003-change-magnet-system-no-eligible-replacement-negative.md","Updated","293926","291616","291678",
"C:\repos\pf-evatec\peer-factory-evatec-2026-q2\docs\qa-documents\pf-evatec-phase-2\08-releases\r10\r10.2\change-requests\cr-286067-tracking-of-magnet-systems\requirements\requirement-290777\003-install-checked-out-magnet-system-empty-slot.md","Failed",,,,"Test case 'R10.2 Update for CR 286067 - Change Magnet System: Verify tester can install a checked-out magnet system into an empty role slot (Happy Path)' has publish blockers:
[BLOCKER] Requirement traceability section is missing or empty."
"C:\repos\pf-evatec\peer-factory-evatec-2026-q2\docs\qa-documents\pf-evatec-phase-2\08-releases\r10\r10.2\change-requests\cr-286067-tracking-of-magnet-systems\requirements\requirement-290777\004-install-magnet-system-happy-path.md","Updated","293168","291616","291678",
"C:\repos\pf-evatec\peer-factory-evatec-2026-q2\docs\qa-documents\pf-evatec-phase-2\08-releases\r10\r10.2\change-requests\cr-286067-tracking-of-magnet-systems\requirements\requirement-290777\004-uninstall-magnet-system-and-logbook-entry.md","Failed",,,,"Test case 'R10.2 Update for CR 286067 - Change Magnet System: Verify tester can uninstall an installed magnet system and logbook and history entries are recorded (Happy Path)' has publish blockers:
[BLOCKER] Requirement traceability section is missing or empty."
"C:\repos\pf-evatec\peer-factory-evatec-2026-q2\docs\qa-documents\pf-evatec-phase-2\08-releases\r10\r10.2\change-requests\cr-286067-tracking-of-magnet-systems\requirements\requirement-290777\005-install-blocked-when-not-checked-out.md","Failed",,,,"Test case 'R10.2 Update for CR 286067 - Change Magnet System: Verify install is blocked when the candidate magnet system is not checked out (Unhappy Path)' has publish blockers:
[BLOCKER] Requirement traceability section is missing or empty."
"C:\repos\pf-evatec\peer-factory-evatec-2026-q2\docs\qa-documents\pf-evatec-phase-2\08-releases\r10\r10.2\change-requests\cr-286067-tracking-of-magnet-systems\requirements\requirement-290777\005-uninstall-magnet-system-happy-path.md","Updated","293169","291616","291678",
"C:\repos\pf-evatec\peer-factory-evatec-2026-q2\docs\qa-documents\pf-evatec-phase-2\08-releases\r10\r10.2\change-requests\cr-286067-tracking-of-magnet-systems\requirements\requirement-290777\006-change-magnet-system-cancellation.md","Updated","293927","291616","291678",
"C:\repos\pf-evatec\peer-factory-evatec-2026-q2\docs\qa-documents\pf-evatec-phase-2\08-releases\r10\r10.2\change-requests\cr-286067-tracking-of-magnet-systems\requirements\requirement-290777\006-logbook-entry-generated-on-install.md","Failed",,,,"Test case 'R10.2 Update for CR 286067 - Change Magnet System: Verify a logbook entry is generated in the tool logbook when a magnet system is installed (Integration)' has publish blockers:
[BLOCKER] Requirement traceability section is missing or empty."
"C:\repos\pf-evatec\peer-factory-evatec-2026-q2\docs\qa-documents\pf-evatec-phase-2\08-releases\r10\r10.2\change-requests\cr-286067-tracking-of-magnet-systems\requirements\requirement-290777\007-change-magnet-system-search-and-filtering.md","Updated","293928","291616","291678",
"C:\repos\pf-evatec\peer-factory-evatec-2026-q2\docs\qa-documents\pf-evatec-phase-2\08-releases\r10\r10.2\change-requests\cr-286067-tracking-of-magnet-systems\requirements\requirement-290777\007-magnet-system-filter-category-in-logbook.md","Failed",,,,"Test case 'R10.2 Update for CR 286067 - Change Magnet System: Verify the Magnet System filter category is visible and functional in the tool logbook (Integration)' has publish blockers:
[BLOCKER] Requirement traceability section is missing or empty."
"C:\repos\pf-evatec\peer-factory-evatec-2026-q2\docs\qa-documents\pf-evatec-phase-2\08-releases\r10\r10.2\change-requests\cr-286067-tracking-of-magnet-systems\requirements\requirement-290777\008-change-magnet-system-security-permissions.md","Updated","293929","291616","291678",
"C:\repos\pf-evatec\peer-factory-evatec-2026-q2\docs\qa-documents\pf-evatec-phase-2\08-releases\r10\r10.2\change-requests\cr-286067-tracking-of-magnet-systems\requirements\requirement-73354\001-add-role-to-logbook-configuration-happy-path.md","Updated","293089","291616","291678",
"C:\repos\pf-evatec\peer-factory-evatec-2026-q2\docs\qa-documents\pf-evatec-phase-2\08-releases\r10\r10.2\change-requests\cr-286067-tracking-of-magnet-systems\requirements\requirement-73354\002-add-role-to-logbook-configuration-negative.md","Updated","293090","291616","291678",
"C:\repos\pf-evatec\peer-factory-evatec-2026-q2\docs\qa-documents\pf-evatec-phase-2\08-releases\r10\r10.2\change-requests\cr-286067-tracking-of-magnet-systems\requirements\requirement-73354\003-add-role-serial-number-lock-magnet-system-regression.md","Updated","293930","291616","291678",
"C:\repos\pf-evatec\peer-factory-evatec-2026-q2\docs\qa-documents\pf-evatec-phase-2\08-releases\r10\r10.2\change-requests\cr-286067-tracking-of-magnet-systems\requirements\requirement-73354\004-add-role-duplicate-role-name-validation.md","Updated","293931","291616","291678",
"C:\repos\pf-evatec\peer-factory-evatec-2026-q2\docs\qa-documents\pf-evatec-phase-2\08-releases\r10\r10.2\change-requests\cr-286067-tracking-of-magnet-systems\requirements\requirement-73354\005-add-role-managehardware-edit-permission-required.md","Updated","293418","291616","291678",
"C:\repos\pf-evatec\peer-factory-evatec-2026-q2\docs\qa-documents\pf-evatec-phase-2\08-releases\r10\r10.2\change-requests\cr-286067-tracking-of-magnet-systems\requirements\requirement-73375\001-remove-comment-or-hardware-configuration-change-from-logbook-happy-path.md","Failed",,,,"Markdown file not found: C:\repos\pf-evatec\peer-factory-evatec-2026-q2\docs\qa-documents\pf-evatec-phase-2\08-releases\r10\r10.2\change-requests\cr-286067-tracking-of-magnet-systems\requirements\requirement-73375\001-remove-comment-or-hardware-configuration-change-from-logbook-happy-path.md"
"C:\repos\pf-evatec\peer-factory-evatec-2026-q2\docs\qa-documents\pf-evatec-phase-2\08-releases\r10\r10.2\change-requests\cr-286067-tracking-of-magnet-systems\requirements\requirement-73375\002-remove-comment-or-hardware-configuration-change-from-logbook-regression.md","Failed",,,,"Markdown file not found: C:\repos\pf-evatec\peer-factory-evatec-2026-q2\docs\qa-documents\pf-evatec-phase-2\08-releases\r10\r10.2\change-requests\cr-286067-tracking-of-magnet-systems\requirements\requirement-73375\002-remove-comment-or-hardware-configuration-change-from-logbook-regression.md"
"C:\repos\pf-evatec\peer-factory-evatec-2026-q2\docs\qa-documents\pf-evatec-phase-2\08-releases\r10\r10.2\change-requests\cr-286067-tracking-of-magnet-systems\requirements\requirement-73375\003-remove-logbook-entry-non-removable-negative.md","Updated","293932","291616","291678",
"C:\repos\pf-evatec\peer-factory-evatec-2026-q2\docs\qa-documents\pf-evatec-phase-2\08-releases\r10\r10.2\change-requests\cr-286067-tracking-of-magnet-systems\requirements\requirement-73375\004-logbook-removal-permissions-matrix.md","Updated","293933","291616","291678",
